{
  "id": "2772651",
  "name": "fontHome",
  "font_family": "iconfont",
  "css_prefix_text": "icon-",
  "description": "",
  "glyphs": [
    {
      "icon_id": "21394358",
      "name": "定位",
      "font_class": "dingwei",
      "unicode": "f4df",
      "unicode_decimal": 62687
    },
    {
      "icon_id": "21394360",
      "name": "房源",
      "font_class": "fangyuan",
      "unicode": "f4e0",
      "unicode_decimal": 62688
    },
    {
      "icon_id": "21394380",
      "name": "复制",
      "font_class": "fuzhi",
      "unicode": "f4e1",
      "unicode_decimal": 62689
    },
    {
      "icon_id": "21394384",
      "name": "概率",
      "font_class": "gaishuai",
      "unicode": "f4e2",
      "unicode_decimal": 62690
    },
    {
      "icon_id": "21394385",
      "name": "个人设置",
      "font_class": "gerenshezhi",
      "unicode": "f4e3",
      "unicode_decimal": 62691
    },
    {
      "icon_id": "21394389",
      "name": "攻略",
      "font_class": "gonglve",
      "unicode": "f4e4",
      "unicode_decimal": 62692
    },
    {
      "icon_id": "21394390",
      "name": "合作",
      "font_class": "hezuo",
      "unicode": "f4e5",
      "unicode_decimal": 62693
    },
    {
      "icon_id": "21394392",
      "name": "红包",
      "font_class": "hongbao",
      "unicode": "f4e6",
      "unicode_decimal": 62694
    },
    {
      "icon_id": "21394404",
      "name": "计划",
      "font_class": "jihua",
      "unicode": "f4e7",
      "unicode_decimal": 62695
    },
    {
      "icon_id": "21394408",
      "name": "教学",
      "font_class": "jiaoxue",
      "unicode": "f4e8",
      "unicode_decimal": 62696
    },
    {
      "icon_id": "21394410",
      "name": "礼品",
      "font_class": "lipin",
      "unicode": "f4e9",
      "unicode_decimal": 62697
    },
    {
      "icon_id": "21394411",
      "name": "录像",
      "font_class": "luxiang",
      "unicode": "f4ea",
      "unicode_decimal": 62698
    },
    {
      "icon_id": "21394412",
      "name": "拍照",
      "font_class": "paizhao",
      "unicode": "f4eb",
      "unicode_decimal": 62699
    },
    {
      "icon_id": "21394425",
      "name": "平台",
      "font_class": "pingtai",
      "unicode": "f4ec",
      "unicode_decimal": 62700
    },
    {
      "icon_id": "21394427",
      "name": "钱包",
      "font_class": "qianbao",
      "unicode": "f4ed",
      "unicode_decimal": 62701
    },
    {
      "icon_id": "21394429",
      "name": "切换",
      "font_class": "qiehuan",
      "unicode": "f4ee",
      "unicode_decimal": 62702
    },
    {
      "icon_id": "21394430",
      "name": "任务",
      "font_class": "renwu",
      "unicode": "f4ef",
      "unicode_decimal": 62703
    },
    {
      "icon_id": "21394432",
      "name": "日历",
      "font_class": "rili",
      "unicode": "f4f0",
      "unicode_decimal": 62704
    },
    {
      "icon_id": "21394433",
      "name": "日志",
      "font_class": "rizhi",
      "unicode": "f4f1",
      "unicode_decimal": 62705
    },
    {
      "icon_id": "21394435",
      "name": "删除",
      "font_class": "shanchu",
      "unicode": "f4f2",
      "unicode_decimal": 62706
    },
    {
      "icon_id": "21394439",
      "name": "商品",
      "font_class": "shangpin",
      "unicode": "f4f3",
      "unicode_decimal": 62707
    },
    {
      "icon_id": "21394450",
      "name": "上传",
      "font_class": "shangchuan",
      "unicode": "f4f4",
      "unicode_decimal": 62708
    },
    {
      "icon_id": "21395347",
      "name": "审核成功",
      "font_class": "shenhechenggong",
      "unicode": "f4f5",
      "unicode_decimal": 62709
    },
    {
      "icon_id": "21395350",
      "name": "审核失败",
      "font_class": "shenheshibai",
      "unicode": "f4f6",
      "unicode_decimal": 62710
    },
    {
      "icon_id": "21395482",
      "name": "视频",
      "font_class": "shipin",
      "unicode": "f4f7",
      "unicode_decimal": 62711
    },
    {
      "icon_id": "21395588",
      "name": "收藏",
      "font_class": "shoucang",
      "unicode": "f4f8",
      "unicode_decimal": 62712
    },
    {
      "icon_id": "21395592",
      "name": "说明",
      "font_class": "shuoming",
      "unicode": "f4f9",
      "unicode_decimal": 62713
    },
    {
      "icon_id": "21395593",
      "name": "提现",
      "font_class": "tixian",
      "unicode": "f4fa",
      "unicode_decimal": 62714
    },
    {
      "icon_id": "21395594",
      "name": "通告",
      "font_class": "tonggao",
      "unicode": "f4fb",
      "unicode_decimal": 62715
    },
    {
      "icon_id": "21395609",
      "name": "通讯录",
      "font_class": "tongxunlu",
      "unicode": "f4fc",
      "unicode_decimal": 62716
    },
    {
      "icon_id": "21395612",
      "name": "图片",
      "font_class": "tupian",
      "unicode": "f4fd",
      "unicode_decimal": 62717
    },
    {
      "icon_id": "21395613",
      "name": "团队",
      "font_class": "tuandui",
      "unicode": "f4fe",
      "unicode_decimal": 62718
    },
    {
      "icon_id": "21395617",
      "name": "文档",
      "font_class": "wendang",
      "unicode": "f4ff",
      "unicode_decimal": 62719
    },
    {
      "icon_id": "21395619",
      "name": "文件夹",
      "font_class": "wenjianjia",
      "unicode": "f500",
      "unicode_decimal": 62720
    },
    {
      "icon_id": "21395623",
      "name": "下载",
      "font_class": "xiazai",
      "unicode": "f501",
      "unicode_decimal": 62721
    },
    {
      "icon_id": "21395626",
      "name": "消息",
      "font_class": "xiaoxi",
      "unicode": "f502",
      "unicode_decimal": 62722
    },
    {
      "icon_id": "21395627",
      "name": "信件",
      "font_class": "xinjian",
      "unicode": "f503",
      "unicode_decimal": 62723
    },
    {
      "icon_id": "21395629",
      "name": "勋章",
      "font_class": "xunzhang",
      "unicode": "f504",
      "unicode_decimal": 62724
    },
    {
      "icon_id": "21395630",
      "name": "邀请",
      "font_class": "yaoqing",
      "unicode": "f505",
      "unicode_decimal": 62725
    },
    {
      "icon_id": "21395631",
      "name": "已读邮件",
      "font_class": "yiduyoujian",
      "unicode": "f506",
      "unicode_decimal": 62726
    },
    {
      "icon_id": "21395634",
      "name": "音乐",
      "font_class": "yinle",
      "unicode": "f507",
      "unicode_decimal": 62727
    },
    {
      "icon_id": "21395635",
      "name": "优惠券",
      "font_class": "youhuiquan",
      "unicode": "f508",
      "unicode_decimal": 62728
    },
    {
      "icon_id": "21395637",
      "name": "邮件",
      "font_class": "youjian",
      "unicode": "f509",
      "unicode_decimal": 62729
    },
    {
      "icon_id": "21395638",
      "name": "预约",
      "font_class": "yuyue",
      "unicode": "f50a",
      "unicode_decimal": 62730
    },
    {
      "icon_id": "21395643",
      "name": "指南",
      "font_class": "zhinan",
      "unicode": "f50b",
      "unicode_decimal": 62731
    },
    {
      "icon_id": "21395645",
      "name": "注册",
      "font_class": "zhuce",
      "unicode": "f50c",
      "unicode_decimal": 62732
    },
    {
      "icon_id": "21395652",
      "name": "注销",
      "font_class": "zhuxiao",
      "unicode": "f50d",
      "unicode_decimal": 62733
    },
    {
      "icon_id": "21395677",
      "name": "资讯",
      "font_class": "zixun",
      "unicode": "f50e",
      "unicode_decimal": 62734
    },
    {
      "icon_id": "21395678",
      "name": "组队",
      "font_class": "zudui",
      "unicode": "f50f",
      "unicode_decimal": 62735
    },
    {
      "icon_id": "21815355",
      "name": "查看订单",
      "font_class": "chakandingdan",
      "unicode": "f58e",
      "unicode_decimal": 62862
    },
    {
      "icon_id": "21815402",
      "name": "银行卡",
      "font_class": "yinhangka",
      "unicode": "f58f",
      "unicode_decimal": 62863
    },
    {
      "icon_id": "21815431",
      "name": "投资",
      "font_class": "touzi-03",
      "unicode": "f590",
      "unicode_decimal": 62864
    },
    {
      "icon_id": "21815456",
      "name": "任务",
      "font_class": "renwu1",
      "unicode": "f591",
      "unicode_decimal": 62865
    },
    {
      "icon_id": "21815458",
      "name": "维修",
      "font_class": "weixiu",
      "unicode": "f592",
      "unicode_decimal": 62866
    },
    {
      "icon_id": "21815501",
      "name": "存款",
      "font_class": "cunkuan",
      "unicode": "f593",
      "unicode_decimal": 62867
    },
    {
      "icon_id": "21815546",
      "name": "员工管理",
      "font_class": "yuangongguanli",
      "unicode": "f596",
      "unicode_decimal": 62870
    },
    {
      "icon_id": "21815549",
      "name": "待付款",
      "font_class": "daifukuan",
      "unicode": "f597",
      "unicode_decimal": 62871
    },
    {
      "icon_id": "21815553",
      "name": "购物车",
      "font_class": "gouwuche",
      "unicode": "f598",
      "unicode_decimal": 62872
    },
    {
      "icon_id": "21815612",
      "name": "闹钟",
      "font_class": "naozhong",
      "unicode": "f599",
      "unicode_decimal": 62873
    },
    {
      "icon_id": "21815631",
      "name": "余额",
      "font_class": "yue",
      "unicode": "f59a",
      "unicode_decimal": 62874
    },
    {
      "icon_id": "21815632",
      "name": "相册",
      "font_class": "daichuli",
      "unicode": "f59b",
      "unicode_decimal": 62875
    },
    {
      "icon_id": "21815661",
      "name": "抵扣券",
      "font_class": "dikouquan",
      "unicode": "f59d",
      "unicode_decimal": 62877
    },
    {
      "icon_id": "21815746",
      "name": "权益",
      "font_class": "quanyi",
      "unicode": "f59f",
      "unicode_decimal": 62879
    },
    {
      "icon_id": "21815758",
      "name": "行政",
      "font_class": "tuandui1",
      "unicode": "f5a0",
      "unicode_decimal": 62880
    },
    {
      "icon_id": "21815783",
      "name": "企业管理",
      "font_class": "qiyeguanli",
      "unicode": "f5a1",
      "unicode_decimal": 62881
    },
    {
      "icon_id": "21815820",
      "name": "上传文件",
      "font_class": "shangchuanwenjian",
      "unicode": "f5a2",
      "unicode_decimal": 62882
    },
    {
      "icon_id": "21815822",
      "name": "删除文件",
      "font_class": "shanchuwenjian",
      "unicode": "f5a3",
      "unicode_decimal": 62883
    },
    {
      "icon_id": "21815835",
      "name": "天气",
      "font_class": "tianqi",
      "unicode": "f5a4",
      "unicode_decimal": 62884
    },
    {
      "icon_id": "21815840",
      "name": "文档",
      "font_class": "wendang1",
      "unicode": "f5a5",
      "unicode_decimal": 62885
    },
    {
      "icon_id": "21815955",
      "name": "风险查询",
      "font_class": "fengxianchaxun",
      "unicode": "f5a6",
      "unicode_decimal": 62886
    },
    {
      "icon_id": "21815956",
      "name": "秒杀",
      "font_class": "miaosha",
      "unicode": "f5a7",
      "unicode_decimal": 62887
    },
    {
      "icon_id": "21815967",
      "name": "图片",
      "font_class": "tupian1",
      "unicode": "f5a8",
      "unicode_decimal": 62888
    },
    {
      "icon_id": "21815971",
      "name": "打车",
      "font_class": "dache",
      "unicode": "f5a9",
      "unicode_decimal": 62889
    },
    {
      "icon_id": "21815986",
      "name": "咖啡",
      "font_class": "kafei",
      "unicode": "f5aa",
      "unicode_decimal": 62890
    },
    {
      "icon_id": "21815989",
      "name": "粘贴",
      "font_class": "niantie",
      "unicode": "f5ab",
      "unicode_decimal": 62891
    },
    {
      "icon_id": "21815999",
      "name": "密码",
      "font_class": "mima",
      "unicode": "f5ac",
      "unicode_decimal": 62892
    },
    {
      "icon_id": "21816005",
      "name": "解锁",
      "font_class": "jiesuo",
      "unicode": "f5ad",
      "unicode_decimal": 62893
    },
    {
      "icon_id": "21816032",
      "name": "系统设置",
      "font_class": "xitongshezhi",
      "unicode": "f5ae",
      "unicode_decimal": 62894
    },
    {
      "icon_id": "21816034",
      "name": "收藏",
      "font_class": "shoucang1",
      "unicode": "f5af",
      "unicode_decimal": 62895
    },
    {
      "icon_id": "21816039",
      "name": "评论",
      "font_class": "pinglun",
      "unicode": "f5b0",
      "unicode_decimal": 62896
    },
    {
      "icon_id": "21816045",
      "name": "报销",
      "font_class": "baoxiao",
      "unicode": "f5b1",
      "unicode_decimal": 62897
    },
    {
      "icon_id": "21816047",
      "name": "离职",
      "font_class": "lizhi",
      "unicode": "f5b2",
      "unicode_decimal": 62898
    },
    {
      "icon_id": "21816056",
      "name": "入职",
      "font_class": "ruzhi",
      "unicode": "f5b3",
      "unicode_decimal": 62899
    },
    {
      "icon_id": "21816079",
      "name": "设置",
      "font_class": "shezhi",
      "unicode": "f5b5",
      "unicode_decimal": 62901
    },
    {
      "icon_id": "21816182",
      "name": "考勤申诉",
      "font_class": "kaoqinshensu",
      "unicode": "f5b6",
      "unicode_decimal": 62902
    },
    {
      "icon_id": "21816189",
      "name": "搜索",
      "font_class": "sousuo",
      "unicode": "f5b7",
      "unicode_decimal": 62903
    },
    {
      "icon_id": "21816214",
      "name": "账户",
      "font_class": "zhanghu",
      "unicode": "f5b8",
      "unicode_decimal": 62904
    },
    {
      "icon_id": "21816291",
      "name": "对账",
      "font_class": "duizhang-39",
      "unicode": "f5b9",
      "unicode_decimal": 62905
    },
    {
      "icon_id": "21816295",
      "name": "二手车",
      "font_class": "ershouche",
      "unicode": "f5ba",
      "unicode_decimal": 62906
    },
    {
      "icon_id": "21816345",
      "name": "选项",
      "font_class": "xuanxiang",
      "unicode": "f5bb",
      "unicode_decimal": 62907
    },
    {
      "icon_id": "21816362",
      "name": "资讯",
      "font_class": "zixun1",
      "unicode": "f5bc",
      "unicode_decimal": 62908
    },
    {
      "icon_id": "21816402",
      "name": "关联",
      "font_class": "guanlian",
      "unicode": "f5bd",
      "unicode_decimal": 62909
    },
    {
      "icon_id": "21816404",
      "name": "汇率",
      "font_class": "huishuai",
      "unicode": "f5be",
      "unicode_decimal": 62910
    },
    {
      "icon_id": "21816419",
      "name": "角色管理",
      "font_class": "jiaoseguanli",
      "unicode": "f5bf",
      "unicode_decimal": 62911
    },
    {
      "icon_id": "21816422",
      "name": "报告",
      "font_class": "baogao",
      "unicode": "f5c0",
      "unicode_decimal": 62912
    },
    {
      "icon_id": "21816463",
      "name": "攻略",
      "font_class": "gonglve1",
      "unicode": "f5c1",
      "unicode_decimal": 62913
    },
    {
      "icon_id": "21816464",
      "name": "我们",
      "font_class": "women",
      "unicode": "f5c2",
      "unicode_decimal": 62914
    },
    {
      "icon_id": "21816465",
      "name": "音量",
      "font_class": "yinliang",
      "unicode": "f5c3",
      "unicode_decimal": 62915
    },
    {
      "icon_id": "21816564",
      "name": "定位",
      "font_class": "dingwei1",
      "unicode": "f5c4",
      "unicode_decimal": 62916
    },
    {
      "icon_id": "21816566",
      "name": "调休",
      "font_class": "tiaoxiu",
      "unicode": "f5c5",
      "unicode_decimal": 62917
    },
    {
      "icon_id": "21816574",
      "name": "加班",
      "font_class": "jiaban",
      "unicode": "f5c6",
      "unicode_decimal": 62918
    },
    {
      "icon_id": "21816625",
      "name": "请假",
      "font_class": "qingjia",
      "unicode": "f5c8",
      "unicode_decimal": 62920
    },
    {
      "icon_id": "21816665",
      "name": "文档",
      "font_class": "wendang11",
      "unicode": "f5c9",
      "unicode_decimal": 62921
    },
    {
      "icon_id": "21816679",
      "name": "备份",
      "font_class": "beifen",
      "unicode": "f5ca",
      "unicode_decimal": 62922
    },
    {
      "icon_id": "21816686",
      "name": "便签",
      "font_class": "bianqian",
      "unicode": "f5cb",
      "unicode_decimal": 62923
    },
    {
      "icon_id": "21816692",
      "name": "卡包",
      "font_class": "kabao",
      "unicode": "f5cc",
      "unicode_decimal": 62924
    },
    {
      "icon_id": "21816694",
      "name": "待办",
      "font_class": "daiban",
      "unicode": "f5cd",
      "unicode_decimal": 62925
    },
    {
      "icon_id": "21816696",
      "name": "充值",
      "font_class": "chongzhi",
      "unicode": "f5ce",
      "unicode_decimal": 62926
    },
    {
      "icon_id": "21816720",
      "name": "饮料",
      "font_class": "yinliao",
      "unicode": "f5cf",
      "unicode_decimal": 62927
    },
    {
      "icon_id": "21816724",
      "name": "公文包",
      "font_class": "gongwenbao",
      "unicode": "f5d0",
      "unicode_decimal": 62928
    },
    {
      "icon_id": "21816746",
      "name": "观影纪录",
      "font_class": "guanyingjilu",
      "unicode": "f5d1",
      "unicode_decimal": 62929
    },
    {
      "icon_id": "21816757",
      "name": "摄像头",
      "font_class": "shexiangtou",
      "unicode": "f5d2",
      "unicode_decimal": 62930
    },
    {
      "icon_id": "21816759",
      "name": "影音",
      "font_class": "yingyin",
      "unicode": "f5d3",
      "unicode_decimal": 62931
    },
    {
      "icon_id": "21816777",
      "name": "文件",
      "font_class": "wenjian",
      "unicode": "f5d4",
      "unicode_decimal": 62932
    },
    {
      "icon_id": "21816805",
      "name": "公告",
      "font_class": "gonggao",
      "unicode": "f5d5",
      "unicode_decimal": 62933
    },
    {
      "icon_id": "21816811",
      "name": "监控",
      "font_class": "jiankong",
      "unicode": "f5d6",
      "unicode_decimal": 62934
    },
    {
      "icon_id": "21816814",
      "name": "待派单",
      "font_class": "daipaidan",
      "unicode": "f5d7",
      "unicode_decimal": 62935
    },
    {
      "icon_id": "21816816",
      "name": "待接单",
      "font_class": "daijiedan",
      "unicode": "f5d8",
      "unicode_decimal": 62936
    },
    {
      "icon_id": "21817074",
      "name": "播放",
      "font_class": "bofang",
      "unicode": "f5db",
      "unicode_decimal": 62939
    },
    {
      "icon_id": "21817092",
      "name": "待发货",
      "font_class": "daifahuo",
      "unicode": "f5dc",
      "unicode_decimal": 62940
    },
    {
      "icon_id": "21817127",
      "name": "售后",
      "font_class": "shouhou",
      "unicode": "f5dd",
      "unicode_decimal": 62941
    },
    {
      "icon_id": "21817129",
      "name": "个人资料",
      "font_class": "gerenziliao",
      "unicode": "f5de",
      "unicode_decimal": 62942
    },
    {
      "icon_id": "21817132",
      "name": "会员卡",
      "font_class": "huiyuanka",
      "unicode": "f5df",
      "unicode_decimal": 62943
    },
    {
      "icon_id": "21817158",
      "name": "关税",
      "font_class": "guanshui",
      "unicode": "f5e0",
      "unicode_decimal": 62944
    },
    {
      "icon_id": "21817166",
      "name": "积分",
      "font_class": "jifen",
      "unicode": "f5e1",
      "unicode_decimal": 62945
    },
    {
      "icon_id": "21817179",
      "name": "快退",
      "font_class": "kuaitui",
      "unicode": "f5e2",
      "unicode_decimal": 62946
    },
    {
      "icon_id": "21817183",
      "name": "快进",
      "font_class": "kuaijin",
      "unicode": "f5e3",
      "unicode_decimal": 62947
    },
    {
      "icon_id": "21817187",
      "name": "投资",
      "font_class": "touzi1",
      "unicode": "f5e4",
      "unicode_decimal": 62948
    },
    {
      "icon_id": "21817196",
      "name": "盈利",
      "font_class": "yingli",
      "unicode": "f5e5",
      "unicode_decimal": 62949
    },
    {
      "icon_id": "21817211",
      "name": "监控",
      "font_class": "jiankong1",
      "unicode": "f5e6",
      "unicode_decimal": 62950
    },
    {
      "icon_id": "21817338",
      "name": "分享",
      "font_class": "fenxiang",
      "unicode": "f5e7",
      "unicode_decimal": 62951
    },
    {
      "icon_id": "21817339",
      "name": "风险查询",
      "font_class": "fengxianchaxun1",
      "unicode": "f5e8",
      "unicode_decimal": 62952
    },
    {
      "icon_id": "21817346",
      "name": "文件导出",
      "font_class": "wenjiandaochu",
      "unicode": "f5e9",
      "unicode_decimal": 62953
    },
    {
      "icon_id": "21817357",
      "name": "登记",
      "font_class": "dengji",
      "unicode": "f5ea",
      "unicode_decimal": 62954
    },
    {
      "icon_id": "21817361",
      "name": "手机支付",
      "font_class": "shoujizhifu",
      "unicode": "f5eb",
      "unicode_decimal": 62955
    },
    {
      "icon_id": "21817368",
      "name": "运输",
      "font_class": "yunshu",
      "unicode": "f5ec",
      "unicode_decimal": 62956
    },
    {
      "icon_id": "21817375",
      "name": "会议",
      "font_class": "huiyi",
      "unicode": "f5ed",
      "unicode_decimal": 62957
    },
    {
      "icon_id": "21817376",
      "name": "报告",
      "font_class": "baogao1",
      "unicode": "f5ee",
      "unicode_decimal": 62958
    },
    {
      "icon_id": "21817391",
      "name": "资料分享",
      "font_class": "ziliaofenxiang",
      "unicode": "f5ef",
      "unicode_decimal": 62959
    },
    {
      "icon_id": "21817394",
      "name": "对账",
      "font_class": "duizhang-96",
      "unicode": "f5f0",
      "unicode_decimal": 62960
    },
    {
      "icon_id": "21817662",
      "name": "语音",
      "font_class": "yuyin",
      "unicode": "f5f1",
      "unicode_decimal": 62961
    },
    {
      "icon_id": "21817670",
      "name": "商家入驻",
      "font_class": "shangjiaruzhu",
      "unicode": "f5f2",
      "unicode_decimal": 62962
    },
    {
      "icon_id": "21817719",
      "name": "日志",
      "font_class": "rizhi1",
      "unicode": "f5f3",
      "unicode_decimal": 62963
    },
    {
      "icon_id": "21817736",
      "name": "绘画",
      "font_class": "huihua",
      "unicode": "f5f4",
      "unicode_decimal": 62964
    },
    {
      "icon_id": "21817755",
      "name": "存储",
      "font_class": "cunchu",
      "unicode": "f5f5",
      "unicode_decimal": 62965
    },
    {
      "icon_id": "22789732",
      "name": "我的",
      "font_class": "wode",
      "unicode": "f810",
      "unicode_decimal": 63504
    },
    {
      "icon_id": "22789733",
      "name": "首页",
      "font_class": "shouye",
      "unicode": "f811",
      "unicode_decimal": 63505
    },
    {
      "icon_id": "22789734",
      "name": "个人资料",
      "font_class": "gerenziliao1",
      "unicode": "f812",
      "unicode_decimal": 63506
    },
    {
      "icon_id": "22789735",
      "name": "发现",
      "font_class": "faxian",
      "unicode": "f813",
      "unicode_decimal": 63507
    },
    {
      "icon_id": "12681104",
      "name": "home",
      "font_class": "home",
      "unicode": "e64c",
      "unicode_decimal": 58956
    }
  ]
}
